{"cameraMode":{"drawMode":0,"name":"Shaded","section":"Shading Mode"},"sceneLighting":false,"audioPlay":false,"sceneViewState":{"m_AlwaysRefresh":false,"showFog":true,"showSkybox":true,"showFlares":true,"showImageEffects":true,"showParticleSystems":true,"showVisualEffectGraphs":true,"m_FxEnabled":true},"in2DMode":false,"pivot":{"x":1.6636146306991578,"y":-1.8817178010940552,"z":-8.115060806274414},"rotation":{"x":-0.011976944282650948,"y":0.8736342191696167,"z":-0.021841855719685556,"w":-0.4862450361251831},"size":1.600287914276123,"orthographic":false}